total_latency_ms,cache_hit_rate,cache_miss_rate,expert_loads,cache_misses,memory_usage_mb,l1_hit_rate,l2_hit_rate,l3_hit_rate,strategy,strategy_name,batch_size,run,sequence_length,complexity_score,timestamp
2064.7041407519464,0.9136163982430454,0.08638360175695461,1408,1408,883.5,0.9136163982430454,0.0,0.0,A,On-Demand,1,0,2048,1.0,2025-07-21T21:30:49.403865
2053.7052799735657,0.9144094680331869,0.08559053196681309,1395,1395,883.5,0.9144094680331869,0.0,0.0,A,On-Demand,1,1,2048,1.0,2025-07-21T21:30:49.483733
2003.1809535504212,0.9178867740361152,0.08211322596388482,1338,1338,883.5,0.9178867740361152,0.0,0.0,A,On-Demand,1,2,2048,1.0,2025-07-21T21:30:49.562699
1957.9606385636362,0.920876037091264,0.07912396290873597,1289,1289,883.5,0.920876037091264,0.0,0.0,A,On-Demand,1,3,2048,1.0,2025-07-21T21:30:49.643555
2015.8101904504413,0.9170937042459737,0.08290629575402636,1351,1351,883.5,0.9170937042459737,0.0,0.0,A,On-Demand,1,4,2048,1.0,2025-07-21T21:30:49.722780
1981.2407844488291,0.9194119082479258,0.08058809175207418,1313,1313,883.5,0.9194119082479258,0.0,0.0,A,On-Demand,1,5,2048,1.0,2025-07-21T21:30:49.802091
2076.958147705791,0.9128843338213762,0.08711566617862372,1420,1420,883.5,0.9128843338213762,0.0,0.0,A,On-Demand,1,6,2048,1.0,2025-07-21T21:30:49.881827
2063.5733196517913,0.9138604197169351,0.08613958028306491,1404,1404,883.5,0.9138604197169351,0.0,0.0,A,On-Demand,1,7,2048,1.0,2025-07-21T21:30:49.961791
2005.0146538835102,0.9178257686676428,0.08217423133235725,1339,1339,883.5,0.9178257686676428,0.0,0.0,A,On-Demand,1,8,2048,1.0,2025-07-21T21:30:50.040700
2019.4746464340597,0.9167886774036115,0.08321132259638848,1356,1356,912.0,0.9167886774036115,0.0,0.0,A,On-Demand,1,9,2048,1.0,2025-07-21T21:30:50.119965
2065.178990275537,0.9138604197169351,0.08613958028306491,1404,1404,912.0,0.9138604197169351,0.0,0.0,A,On-Demand,2,0,2048,1.0,2025-07-21T21:30:50.199868
2037.2626202199033,0.9156905807711079,0.08430941922889214,1374,1374,883.5,0.9156905807711079,0.0,0.0,A,On-Demand,2,1,2048,1.0,2025-07-21T21:30:50.278278
1999.2692413935633,0.9180697901415324,0.08193020985846755,1335,1335,912.0,0.9180697901415324,0.0,0.0,A,On-Demand,2,2,2048,1.0,2025-07-21T21:30:50.356598
2019.4269669460223,0.9166666666666666,0.08333333333333333,1358,1358,883.5,0.9166666666666666,0.0,0.0,A,On-Demand,2,3,2048,1.0,2025-07-21T21:30:50.434828
2048.043330269523,0.9147755002440214,0.08522449975597853,1389,1389,883.5,0.9147755002440214,0.0,0.0,A,On-Demand,2,4,2048,1.0,2025-07-21T21:30:50.513352
2041.0881700956486,0.9151415324548561,0.08485846754514398,1383,1383,883.5,0.9151415324548561,0.0,0.0,A,On-Demand,2,5,2048,1.0,2025-07-21T21:30:50.591291
2006.165436887866,0.9174597364568082,0.0825402635431918,1345,1345,883.5,0.9174597364568082,0.0,0.0,A,On-Demand,2,6,2048,1.0,2025-07-21T21:30:50.670632
2013.767215542747,0.9171547096144461,0.08284529038555392,1350,1350,883.5,0.9171547096144461,0.0,0.0,A,On-Demand,2,7,2048,1.0,2025-07-21T21:30:50.748442
2047.5420443591697,0.914714494875549,0.08528550512445095,1390,1390,883.5,0.914714494875549,0.0,0.0,A,On-Demand,2,8,2048,1.0,2025-07-21T21:30:50.827204
2020.8987143480572,0.9168496827720839,0.08315031722791606,1355,1355,883.5,0.9168496827720839,0.0,0.0,A,On-Demand,2,9,2048,1.0,2025-07-21T21:30:50.905043
1992.2907233988171,0.9186188384577842,0.08138116154221571,1326,1326,883.5,0.9186188384577842,0.0,0.0,A,On-Demand,4,0,2048,1.0,2025-07-21T21:30:50.985670
2018.3254211509413,0.9169106881405563,0.08308931185944363,1354,1354,883.5,0.9169106881405563,0.0,0.0,A,On-Demand,4,1,2048,1.0,2025-07-21T21:30:51.064968
1986.3055079096137,0.9191678867740362,0.08083211322596388,1317,1317,883.5,0.9191678867740362,0.0,0.0,A,On-Demand,4,2,2048,1.0,2025-07-21T21:30:51.144044
2039.5853679344184,0.9154465592972182,0.08455344070278184,1378,1378,883.5,0.9154465592972182,0.0,0.0,A,On-Demand,4,3,2048,1.0,2025-07-21T21:30:51.224666
1918.2721110670975,0.923743289409468,0.07625671059053196,1242,1242,912.0,0.923743289409468,0.0,0.0,A,On-Demand,4,4,2048,1.0,2025-07-21T21:30:51.303050
2006.7651787890754,0.9177037579306979,0.0822962420693021,1341,1341,912.0,0.9177037579306979,0.0,0.0,A,On-Demand,4,5,2048,1.0,2025-07-21T21:30:51.382055
1991.6558525006292,0.9187408491947291,0.08125915080527087,1324,1324,883.5,0.9187408491947291,0.0,0.0,A,On-Demand,4,6,2048,1.0,2025-07-21T21:30:51.461377
2017.7913400113434,0.9168496827720839,0.08315031722791606,1355,1355,883.5,0.9168496827720839,0.0,0.0,A,On-Demand,4,7,2048,1.0,2025-07-21T21:30:51.539996
2058.9028056629536,0.91398243045388,0.08601756954612005,1402,1402,912.0,0.91398243045388,0.0,0.0,A,On-Demand,4,8,2048,1.0,2025-07-21T21:30:51.619971
1948.4081990357251,0.921730112249878,0.07826988775012202,1275,1275,912.0,0.921730112249878,0.0,0.0,A,On-Demand,4,9,2048,1.0,2025-07-21T21:30:51.698619
2022.824372256081,0.9165446559297218,0.08345534407027819,1360,1360,883.5,0.9165446559297218,0.0,0.0,A,On-Demand,8,0,2048,1.0,2025-07-21T21:30:51.778218
2060.0743650201757,0.9140434358223524,0.08595656417764763,1401,1401,883.5,0.9140434358223524,0.0,0.0,A,On-Demand,8,1,2048,1.0,2025-07-21T21:30:51.857474
2039.3192974261497,0.9153855539287458,0.08461444607125428,1379,1379,883.5,0.9153855539287458,0.0,0.0,A,On-Demand,8,2,2048,1.0,2025-07-21T21:30:51.936758
2017.580813894133,0.9169716935090287,0.0830283064909712,1353,1353,883.5,0.9169716935090287,0.0,0.0,A,On-Demand,8,3,2048,1.0,2025-07-21T21:30:52.015601
2018.110149965445,0.9169716935090287,0.0830283064909712,1353,1353,883.5,0.9169716935090287,0.0,0.0,A,On-Demand,8,4,2048,1.0,2025-07-21T21:30:52.094004
2083.1299216899174,0.9125183016105417,0.08748169838945827,1426,1426,912.0,0.9125183016105417,0.0,0.0,A,On-Demand,8,5,2048,1.0,2025-07-21T21:30:52.172987
2044.7240045559943,0.9149585163494387,0.08504148365056124,1386,1386,883.5,0.9149585163494387,0.0,0.0,A,On-Demand,8,6,2048,1.0,2025-07-21T21:30:52.251517
2079.193155955236,0.9125183016105417,0.08748169838945827,1426,1426,912.0,0.9125183016105417,0.0,0.0,A,On-Demand,8,7,2048,1.0,2025-07-21T21:30:52.329831
2036.681050524316,0.9158125915080527,0.0841874084919473,1372,1372,883.5,0.9158125915080527,0.0,0.0,A,On-Demand,8,8,2048,1.0,2025-07-21T21:30:52.408534
1963.8191681220712,0.9207540263543191,0.07924597364568083,1291,1291,883.5,0.9207540263543191,0.0,0.0,A,On-Demand,8,9,2048,1.0,2025-07-21T21:30:52.486652
1999.2018797428955,0.9180697901415324,0.08193020985846755,1335,1335,883.5,0.9180697901415324,0.0,0.0,A,On-Demand,16,0,2048,1.0,2025-07-21T21:30:52.566129
2018.4569844457808,0.9166666666666666,0.08333333333333333,1358,1358,912.0,0.9166666666666666,0.0,0.0,A,On-Demand,16,1,2048,1.0,2025-07-21T21:30:52.645070
2009.1939217390875,0.9173987310883358,0.08260126891166422,1346,1346,883.5,0.9173987310883358,0.0,0.0,A,On-Demand,16,2,2048,1.0,2025-07-21T21:30:52.724029
2060.1339028228917,0.9140434358223524,0.08595656417764763,1401,1401,883.5,0.9140434358223524,0.0,0.0,A,On-Demand,16,3,2048,1.0,2025-07-21T21:30:52.802731
2009.4614854756467,0.9172157149829185,0.0827842850170815,1349,1349,883.5,0.9172157149829185,0.0,0.0,A,On-Demand,16,4,2048,1.0,2025-07-21T21:30:52.882308
1977.4933109708882,0.919716935090288,0.08028306490971206,1308,1308,883.5,0.919716935090288,0.0,0.0,A,On-Demand,16,5,2048,1.0,2025-07-21T21:30:52.970510
2018.893064900711,0.9168496827720839,0.08315031722791606,1355,1355,883.5,0.9168496827720839,0.0,0.0,A,On-Demand,16,6,2048,1.0,2025-07-21T21:30:53.050097
2015.8938506285613,0.9173377257198634,0.08266227428013666,1347,1347,883.5,0.9173377257198634,0.0,0.0,A,On-Demand,16,7,2048,1.0,2025-07-21T21:30:53.128416
2048.3009913293686,0.9148975109809663,0.08510248901903368,1387,1387,883.5,0.9148975109809663,0.0,0.0,A,On-Demand,16,8,2048,1.0,2025-07-21T21:30:53.208988
2037.1615204116977,0.9154465592972182,0.08455344070278184,1378,1378,883.5,0.9154465592972182,0.0,0.0,A,On-Demand,16,9,2048,1.0,2025-07-21T21:30:53.288042
823.5361174325466,0.9992069302098585,0.0007930697901415325,5,5,1824.0,0.8753050268423621,0.12390190336749635,0.0,B,Oracle,1,0,2048,3.0,2025-07-21T21:30:53.372571
823.1810702388902,0.9992069302098585,0.0007930697901415325,5,5,1824.0,0.8667642752562226,0.1324426549536359,0.0,B,Oracle,1,1,2048,3.0,2025-07-21T21:30:53.457070
820.773553866337,0.9993899463152758,0.0006100536847242558,2,2,1824.0,0.8704245973645681,0.12896534895070766,0.0,B,Oracle,1,2,2048,3.0,2025-07-21T21:30:53.541074
820.9674193851736,0.9994509516837482,0.0005490483162518302,1,1,1824.0,0.871278672523182,0.12817227916056612,0.0,B,Oracle,1,3,2048,3.0,2025-07-21T21:30:53.625298
821.6180726530666,0.9993899463152758,0.0006100536847242558,2,2,1824.0,0.8776842362127867,0.12170571010248903,0.0,B,Oracle,1,4,2048,3.0,2025-07-21T21:30:53.709035
823.1922084372774,0.9992679355783309,0.0007320644216691069,4,4,1824.0,0.8739019033674963,0.12536603221083456,0.0,B,Oracle,1,5,2048,3.0,2025-07-21T21:30:53.792373
819.973842226137,0.9994509516837482,0.0005490483162518302,1,1,1824.0,0.8724377745241582,0.12701317715959004,0.0,B,Oracle,1,6,2048,3.0,2025-07-21T21:30:53.876649
822.5684294091956,0.9993289409468034,0.0006710590531966813,3,3,1824.0,0.8787823328452904,0.12054660810151294,0.0,B,Oracle,1,7,2048,3.0,2025-07-21T21:30:53.960696
822.1508485239901,0.9992679355783309,0.0007320644216691069,4,4,1824.0,0.876281112737921,0.12298682284040996,0.0,B,Oracle,1,8,2048,3.0,2025-07-21T21:30:54.044101
823.0809000377063,0.9992679355783309,0.0007320644216691069,4,4,1824.0,0.8755490483162518,0.12371888726207907,0.0,B,Oracle,1,9,2048,3.0,2025-07-21T21:30:54.128015
821.7490026095198,0.9993289409468034,0.0006710590531966813,3,3,1824.0,0.8709126403123475,0.1283552952659834,6.1005368472425575e-05,B,Oracle,2,0,2048,3.0,2025-07-21T21:30:54.213332
820.5439426245593,0.9994509516837482,0.0005490483162518302,1,1,1824.0,0.8832967301122499,0.11609321620302587,6.1005368472425575e-05,B,Oracle,2,1,2048,3.0,2025-07-21T21:30:54.296748
820.3841000896725,0.9993899463152758,0.0006100536847242558,2,2,1824.0,0.8729258174719375,0.12634211810639337,0.00012201073694485115,B,Oracle,2,2,2048,3.0,2025-07-21T21:30:54.380314
818.9364804886757,0.9994509516837482,0.0005490483162518302,1,1,1824.0,0.877440214738897,0.12194973157637873,6.1005368472425575e-05,B,Oracle,2,3,2048,3.0,2025-07-21T21:30:54.463689
824.4693525769758,0.9991459248413861,0.000854075158613958,6,6,1824.0,0.8692044899951196,0.12988042947779405,6.1005368472425575e-05,B,Oracle,2,4,2048,3.0,2025-07-21T21:30:54.547568
821.0811357778739,0.9994509516837482,0.0005490483162518302,1,1,1824.0,0.8761591020009761,0.12329184968277208,0.0,B,Oracle,2,5,2048,3.0,2025-07-21T21:30:54.630864
819.6472911294674,0.9994509516837482,0.0005490483162518302,1,1,1824.0,0.8683504148365057,0.13110053684724254,0.0,B,Oracle,2,6,2048,3.0,2025-07-21T21:30:54.715384
820.5382173300418,0.9993899463152758,0.0006100536847242558,2,2,1824.0,0.873718887262079,0.12554904831625183,0.00012201073694485115,B,Oracle,2,7,2048,3.0,2025-07-21T21:30:54.799161
820.2823876621179,0.9993899463152758,0.0006100536847242558,2,2,1824.0,0.8743899463152758,0.12493899463152758,6.1005368472425575e-05,B,Oracle,2,8,2048,3.0,2025-07-21T21:30:54.882432
821.9325606244944,0.9993289409468034,0.0006710590531966813,3,3,1824.0,0.8777452415812591,0.12152269399707175,6.1005368472425575e-05,B,Oracle,2,9,2048,3.0,2025-07-21T21:30:54.966114
820.8716628062441,0.9993899463152758,0.0006100536847242558,2,2,1824.0,0.8747559785261103,0.12457296242069302,6.1005368472425575e-05,B,Oracle,4,0,2048,3.0,2025-07-21T21:30:55.054010
820.4939432600543,0.9993899463152758,0.0006100536847242558,2,2,1824.0,0.8709126403123475,0.12841630063445583,6.1005368472425575e-05,B,Oracle,4,1,2048,3.0,2025-07-21T21:30:55.137624
822.4977072232796,0.9992679355783309,0.0007320644216691069,4,4,1824.0,0.8767691556857004,0.12249877989263055,0.0,B,Oracle,4,2,2048,3.0,2025-07-21T21:30:55.222129
820.9753884171877,0.9994509516837482,0.0005490483162518302,1,1,1824.0,0.8750610053684724,0.12432894094680332,6.1005368472425575e-05,B,Oracle,4,3,2048,3.0,2025-07-21T21:30:55.306622
820.575046442054,0.9993899463152758,0.0006100536847242558,2,2,1824.0,0.8762201073694486,0.12316983894582724,0.0,B,Oracle,4,4,2048,3.0,2025-07-21T21:30:55.390779
821.043796180893,0.9994509516837482,0.0005490483162518302,1,1,1824.0,0.8760980966325037,0.1233528550512445,0.0,B,Oracle,4,5,2048,3.0,2025-07-21T21:30:55.474048
822.8035868882904,0.9993289409468034,0.0006710590531966813,3,3,1824.0,0.875,0.12432894094680332,0.0,B,Oracle,4,6,2048,3.0,2025-07-21T21:30:55.557912
822.8382579811781,0.9992679355783309,0.0007320644216691069,4,4,1824.0,0.8766471449487555,0.1226207906295754,0.0,B,Oracle,4,7,2048,3.0,2025-07-21T21:30:55.642435
820.4096229510085,0.9994509516837482,0.0005490483162518302,1,1,1824.0,0.8712176671547096,0.12823328452903857,0.0,B,Oracle,4,8,2048,3.0,2025-07-21T21:30:55.726916
824.8194012524057,0.9992069302098585,0.0007930697901415325,5,5,1824.0,0.8762201073694486,0.12298682284040996,0.0,B,Oracle,4,9,2048,3.0,2025-07-21T21:30:55.810578
821.3583946976007,0.9993289409468034,0.0006710590531966813,3,3,1824.0,0.8768301610541728,0.12249877989263055,0.0,B,Oracle,8,0,2048,3.0,2025-07-21T21:30:55.896155
821.3696589305646,0.9993899463152758,0.0006100536847242558,2,2,1824.0,0.8748169838945827,0.1245119570522206,6.1005368472425575e-05,B,Oracle,8,1,2048,3.0,2025-07-21T21:30:55.980022
821.2288533960308,0.9993899463152758,0.0006100536847242558,2,2,1824.0,0.8768911664226452,0.12249877989263055,0.0,B,Oracle,8,2,2048,3.0,2025-07-21T21:30:56.063677
821.7631698524283,0.9993289409468034,0.0006710590531966813,3,3,1824.0,0.8735358711566618,0.12579306979014154,0.0,B,Oracle,8,3,2048,3.0,2025-07-21T21:30:56.147156
821.0143704720417,0.9993289409468034,0.0006710590531966813,3,3,1824.0,0.8757320644216691,0.12359687652513421,0.0,B,Oracle,8,4,2048,3.0,2025-07-21T21:30:56.231006
824.9605206325623,0.9992069302098585,0.0007930697901415325,5,5,1824.0,0.8771961932650073,0.12188872620790629,0.00012201073694485115,B,Oracle,8,5,2048,3.0,2025-07-21T21:30:56.314062
822.2428264376612,0.9992679355783309,0.0007320644216691069,4,4,1824.0,0.8734138604197169,0.12585407515861396,0.0,B,Oracle,8,6,2048,3.0,2025-07-21T21:30:56.397979
819.577325404294,0.9994509516837482,0.0005490483162518302,1,1,1824.0,0.8694485114690093,0.1300024402147389,0.0,B,Oracle,8,7,2048,3.0,2025-07-21T21:30:56.481628
822.4137786642002,0.9992679355783309,0.0007320644216691069,4,4,1824.0,0.8766471449487555,0.1226207906295754,0.0,B,Oracle,8,8,2048,3.0,2025-07-21T21:30:56.566565
821.058169328509,0.9993899463152758,0.0006100536847242558,2,2,1824.0,0.8771961932650073,0.12219375305026843,0.0,B,Oracle,8,9,2048,3.0,2025-07-21T21:30:56.650204
821.6106557820528,0.9993899463152758,0.0006100536847242558,2,2,1824.0,0.876281112737921,0.1231088335773548,0.0,B,Oracle,16,0,2048,3.0,2025-07-21T21:30:56.735460
821.7619820435857,0.9993899463152758,0.0006100536847242558,2,2,1824.0,0.8720107369448511,0.1273792093704246,0.0,B,Oracle,16,1,2048,3.0,2025-07-21T21:30:56.826413
819.5416140188693,0.9995119570522206,0.0004880429477794046,0,0,1824.0,0.8734138604197169,0.12603709126403123,6.1005368472425575e-05,B,Oracle,16,2,2048,3.0,2025-07-21T21:30:56.909520
824.5953197085455,0.9990849194729137,0.0009150805270863836,7,7,1824.0,0.8746949731576379,0.12438994631527575,0.0,B,Oracle,16,3,2048,3.0,2025-07-21T21:30:56.992995
822.5505422578095,0.9992069302098585,0.0007930697901415325,5,5,1824.0,0.8764031234748658,0.12280380673499268,0.0,B,Oracle,16,4,2048,3.0,2025-07-21T21:30:57.076748
820.2588232146073,0.9993899463152758,0.0006100536847242558,2,2,1824.0,0.8792703757930698,0.12011957052220595,0.0,B,Oracle,16,5,2048,3.0,2025-07-21T21:30:57.160277
822.6988297114661,0.9992679355783309,0.0007320644216691069,4,4,1824.0,0.8740849194729137,0.12512201073694484,6.1005368472425575e-05,B,Oracle,16,6,2048,3.0,2025-07-21T21:30:57.244364
821.997898300855,0.9992679355783309,0.0007320644216691069,4,4,1824.0,0.8767691556857004,0.12249877989263055,0.0,B,Oracle,16,7,2048,3.0,2025-07-21T21:30:57.329028
823.535489155025,0.9992069302098585,0.0007930697901415325,5,5,1824.0,0.8734748657881893,0.1257320644216691,0.0,B,Oracle,16,8,2048,3.0,2025-07-21T21:30:57.412781
818.4055309962215,0.9994509516837482,0.0005490483162518302,1,1,1824.0,0.8759760858955588,0.12341386041971694,6.1005368472425575e-05,B,Oracle,16,9,2048,3.0,2025-07-21T21:30:57.496232
1404.249533587986,0.9591264031234749,0.040873596876525135,662,662,1282.5,0.9128843338213762,0.046242069302098586,0.0,C,Multi-Look,1,0,2048,8.5,2025-07-21T21:30:58.667340
1371.0159086781387,0.9612615910200097,0.03873840897999024,627,627,1368.0,0.9149585163494387,0.04630307467057101,0.0,C,Multi-Look,1,1,2048,8.5,2025-07-21T21:30:59.868845
1390.8398898711569,0.9602244997559786,0.039775500244021475,644,644,1282.5,0.913128355295266,0.047096144460712544,0.0,C,Multi-Look,1,2,2048,8.5,2025-07-21T21:31:01.039837
1347.8467212381381,0.9630917520741825,0.03690824792581747,597,597,1282.5,0.9169716935090287,0.046120058565153735,0.0,C,Multi-Look,1,3,2048,8.5,2025-07-21T21:31:02.245224
1360.1951402762645,0.9622376769155686,0.03776232308443143,611,611,1339.5,0.9186798438262567,0.04355783308931186,0.0,C,Multi-Look,1,4,2048,8.5,2025-07-21T21:31:03.422328
1377.88477050215,0.9610785749145925,0.03892142508540752,630,630,1282.5,0.9153855539287458,0.04569302098584675,0.0,C,Multi-Look,1,5,2048,8.5,2025-07-21T21:31:04.770172
1388.6411256675228,0.9602244997559786,0.039775500244021475,644,644,1339.5,0.9120912640312347,0.048133235724743775,0.0,C,Multi-Look,1,6,2048,8.5,2025-07-21T21:31:05.956481
1397.8062836888666,0.9597364568081991,0.04026354319180088,652,652,1339.5,0.9145314787701317,0.04520497803806735,0.0,C,Multi-Look,1,7,2048,8.5,2025-07-21T21:31:07.165747
1408.6508840574409,0.9587603709126403,0.04123962908735969,668,668,1311.0,0.9138604197169351,0.04489995119570522,0.0,C,Multi-Look,1,8,2048,8.5,2025-07-21T21:31:08.346356
1356.1374048904668,0.9624206930209859,0.037579306979014154,608,608,1311.0,0.9179477794045876,0.04447291361639824,0.0,C,Multi-Look,1,9,2048,8.5,2025-07-21T21:31:09.539456
1385.2825530029427,0.9606515373352855,0.03934846266471449,637,637,1311.0,0.9161176183504148,0.04453391898487067,0.0,C,Multi-Look,2,0,2048,8.5,2025-07-21T21:31:10.765475
1365.3667536087805,0.961871644704734,0.03812835529526598,617,617,1254.0,0.9164836505612494,0.04538799414348463,0.0,C,Multi-Look,2,1,2048,8.5,2025-07-21T21:31:11.899669
1391.6488902908923,0.9601634943875061,0.0398365056124939,645,645,1168.5,0.9150805270863837,0.0450829673011225,0.0,C,Multi-Look,2,2,2048,8.5,2025-07-21T21:31:13.050879
1326.6556041210265,0.9646778916544656,0.035322108345534405,571,571,1225.5,0.9186798438262567,0.045998047828208884,0.0,C,Multi-Look,2,3,2048,8.5,2025-07-21T21:31:14.289011
1355.5161643303145,0.9626647144948756,0.03733528550512445,604,604,1140.0,0.9177037579306979,0.044960956564177645,0.0,C,Multi-Look,2,4,2048,8.5,2025-07-21T21:31:15.448908
1348.8039718927582,0.9630307467057101,0.0369692532942899,598,598,1111.5,0.9201439726695949,0.042886774036115176,0.0,C,Multi-Look,2,5,2048,8.5,2025-07-21T21:31:16.586527
1366.9104392382844,0.9616276232308443,0.03837237676915568,621,621,1197.0,0.9153855539287458,0.046242069302098586,0.0,C,Multi-Look,2,6,2048,8.5,2025-07-21T21:31:17.775835
1393.5619092678712,0.9601024890190337,0.039897510980966326,646,646,1339.5,0.912274280136652,0.0477061981454368,0.00012201073694485115,C,Multi-Look,2,7,2048,8.5,2025-07-21T21:31:18.946473
1359.753727545153,0.9619936554416789,0.03800634455832113,615,615,1083.0,0.9185578330893118,0.04343582235236701,0.0,C,Multi-Look,2,8,2048,8.5,2025-07-21T21:31:20.154467
1382.7164024038505,0.9607735480722304,0.03922645192776964,635,635,1225.5,0.9153855539287458,0.04538799414348463,0.0,C,Multi-Look,2,9,2048,8.5,2025-07-21T21:31:21.327029
1338.6464392279147,0.9637628111273792,0.03623718887262079,586,586,1311.0,0.9133113714006833,0.05045143972669595,0.0,C,Multi-Look,4,0,2048,8.5,2025-07-21T21:31:22.545212
1247.8906657450439,0.9698023426061494,0.03019765739385066,487,487,1282.5,0.9200219619326501,0.04978038067349927,0.0,C,Multi-Look,4,1,2048,8.5,2025-07-21T21:31:23.740425
1280.6546050645543,0.9677891654465594,0.032210834553440704,520,520,1254.0,0.9150195217179111,0.05276964372864812,0.0,C,Multi-Look,4,2,2048,8.5,2025-07-21T21:31:24.898234
1286.0791068057456,0.9672401171303074,0.03275988286969253,529,529,1368.0,0.9134943875061006,0.053440702781844804,0.0003050268423621279,C,Multi-Look,4,3,2048,8.5,2025-07-21T21:31:26.047771
1281.1717355967928,0.967606149341142,0.03239385065885798,523,523,1282.5,0.9178867740361152,0.04971937530502684,0.0,C,Multi-Look,4,4,2048,8.5,2025-07-21T21:31:27.205415
1251.0409841973105,0.9696803318692044,0.03031966813079551,489,489,1396.5,0.9152635431918009,0.05441678867740361,0.0,C,Multi-Look,4,5,2048,8.5,2025-07-21T21:31:28.386671
1263.1136498773835,0.9687652513421181,0.031234748657881894,504,504,1311.0,0.9152635431918009,0.053501708150317226,0.0,C,Multi-Look,4,6,2048,8.5,2025-07-21T21:31:29.536176
1290.1366474912218,0.9670571010248902,0.03294289897510981,532,532,1254.0,0.9138604197169351,0.0531966813079551,0.0,C,Multi-Look,4,7,2048,8.5,2025-07-21T21:31:30.714663
1255.0310135896382,0.9694363103953147,0.030563689604685213,493,493,1311.0,0.9120302586627623,0.05740605173255246,0.0,C,Multi-Look,4,8,2048,8.5,2025-07-21T21:31:32.081928
1304.213283252066,0.9662640312347487,0.03373596876525134,545,545,1368.0,0.9116032210834554,0.054660810151293315,0.0,C,Multi-Look,4,9,2048,8.5,2025-07-21T21:31:33.279807
1368.7732967934758,0.9617496339677891,0.03825036603221083,619,619,1225.5,0.9173377257198634,0.04441190824792582,0.0,C,Multi-Look,8,0,2048,8.5,2025-07-21T21:31:34.509140
1328.9275284907628,0.9641898487066862,0.03581015129331381,579,579,1254.0,0.9144704734016593,0.04971937530502684,0.0,C,Multi-Look,8,1,2048,8.5,2025-07-21T21:31:35.653038
1332.1250423084864,0.9640678379697414,0.03593216203025866,581,581,1225.5,0.9166056612981942,0.047096144460712544,0.00036603221083455345,C,Multi-Look,8,2,2048,8.5,2025-07-21T21:31:36.786816
1346.0297652896095,0.9631527574426549,0.03684724255734505,596,596,1197.0,0.9129453391898487,0.050085407515861394,0.00012201073694485115,C,Multi-Look,8,3,2048,8.5,2025-07-21T21:31:37.946824
1367.6026273412037,0.9617496339677891,0.03825036603221083,619,619,1140.0,0.9106271351878965,0.05087847730600293,0.0002440214738897023,C,Multi-Look,8,4,2048,8.5,2025-07-21T21:31:39.093944
1365.6364574214615,0.9617496339677891,0.03825036603221083,619,619,1254.0,0.9164836505612494,0.04526598340653978,0.0,C,Multi-Look,8,5,2048,8.5,2025-07-21T21:31:40.230403
1373.1967697138264,0.961444607125427,0.038555392874572963,624,624,1311.0,0.912274280136652,0.04856027330405076,0.0006100536847242558,C,Multi-Look,8,6,2048,8.5,2025-07-21T21:31:41.546809
1348.327595905942,0.9629697413372377,0.03703025866276232,599,599,1197.0,0.9117862371888726,0.051183504148365054,0.0,C,Multi-Look,8,7,2048,8.5,2025-07-21T21:31:42.726195
1345.6182687353214,0.9631527574426549,0.03684724255734505,596,596,1254.0,0.9181918008784773,0.044960956564177645,0.0,C,Multi-Look,8,8,2048,8.5,2025-07-21T21:31:43.899392
1396.076078572384,0.9599194729136163,0.0400805270863836,649,649,1254.0,0.9108711566617862,0.04904831625183016,0.0,C,Multi-Look,8,9,2048,8.5,2025-07-21T21:31:45.102789
1405.0718751660672,0.9592484138604197,0.040751586139580284,660,660,1311.0,0.9142874572962421,0.044838945827232794,0.00012201073694485115,C,Multi-Look,16,0,2048,8.5,2025-07-21T21:31:46.340560
1376.58846017483,0.9612615910200097,0.03873840897999024,627,627,1396.5,0.9150195217179111,0.04618106393362616,6.1005368472425575e-05,C,Multi-Look,16,1,2048,8.5,2025-07-21T21:31:47.473615
1336.789752667987,0.9637628111273792,0.03623718887262079,586,586,1339.5,0.9173987310883358,0.04636408003904344,0.0,C,Multi-Look,16,2,2048,8.5,2025-07-21T21:31:48.624708
1362.7432049643005,0.9619936554416789,0.03800634455832113,615,615,1339.5,0.9160566129819424,0.04587603709126403,6.1005368472425575e-05,C,Multi-Look,16,3,2048,8.5,2025-07-21T21:31:49.876916
1412.9864707867039,0.9584553440702782,0.04154465592972181,673,673,1282.5,0.9123962908735969,0.046059053196681306,0.0,C,Multi-Look,16,4,2048,8.5,2025-07-21T21:31:51.046412
1378.7590610688483,0.9609565641776476,0.03904343582235237,632,632,1339.5,0.9134943875061006,0.0474621766715471,0.0,C,Multi-Look,16,5,2048,8.5,2025-07-21T21:31:52.193390
1396.834267536724,0.9596754514397267,0.0403245485602733,653,653,1453.5,0.9129453391898487,0.04673011224987799,0.0,C,Multi-Look,16,6,2048,8.5,2025-07-21T21:31:53.364128
1373.0979513480831,0.9612005856515373,0.038799414348462666,628,628,1339.5,0.9162396290873597,0.044960956564177645,0.0,C,Multi-Look,16,7,2048,8.5,2025-07-21T21:31:54.541097
1423.8003155263975,0.9577842850170815,0.0422157149829185,684,684,1339.5,0.9112371888726208,0.04654709614446071,0.0,C,Multi-Look,16,8,2048,8.5,2025-07-21T21:31:55.752940
1380.6196300469958,0.9608955588091752,0.03910444119082479,633,633,1282.5,0.9137384089799903,0.047157149829184966,0.0,C,Multi-Look,16,9,2048,8.5,2025-07-21T21:31:56.953210
1000.3054551280413,0.9870668618838457,0.012933138116154222,204,204,1624.5,0.8967179111761835,0.08979990239141045,0.0005490483162518302,D,Top-K,1,0,2048,4.0,2025-07-21T21:31:57.162586
1355.9695745611668,0.9624206930209859,0.037579306979014154,608,608,1140.0,0.9145314787701317,0.036603221083455345,0.011285993167398731,D,Top-K,1,1,2048,4.0,2025-07-21T21:31:57.263136
1345.9893028277786,0.9633357735480722,0.03666422645192777,593,593,1054.5,0.9164226451927769,0.03568814055636896,0.011224987798926306,D,Top-K,1,2,2048,4.0,2025-07-21T21:31:57.362882
1377.9476678745905,0.96101756954612,0.03898243045387994,631,631,1140.0,0.9171547096144461,0.032454856027330406,0.011408003904343583,D,Top-K,1,3,2048,4.0,2025-07-21T21:31:57.462720
1366.3844639429424,0.961871644704734,0.03812835529526598,617,617,1111.5,0.9161176183504148,0.0345900439238653,0.01116398243045388,D,Top-K,1,4,2048,4.0,2025-07-21T21:31:57.563010
1402.043455852031,0.9593704245973645,0.04062957540263543,658,658,1111.5,0.9136163982430454,0.03373596876525134,0.012018057589067838,D,Top-K,1,5,2048,4.0,2025-07-21T21:31:57.664279
1359.3671491787995,0.9622376769155686,0.03776232308443143,611,611,1111.5,0.9156905807711079,0.03526110297706198,0.011285993167398731,D,Top-K,1,6,2048,4.0,2025-07-21T21:31:57.774030
1370.251207386351,0.961444607125427,0.038555392874572963,624,624,1140.0,0.9166666666666666,0.03166178623718887,0.013116154221571499,D,Top-K,1,7,2048,4.0,2025-07-21T21:31:57.874512
1366.8740402944213,0.9617496339677891,0.03825036603221083,619,619,1026.0,0.9158735968765251,0.03208882381649585,0.01378721327476818,D,Top-K,1,8,2048,4.0,2025-07-21T21:31:57.975143
1421.6296815323751,0.9577842850170815,0.0422157149829185,684,684,1140.0,0.9117252318204002,0.03294289897510981,0.013116154221571499,D,Top-K,1,9,2048,4.0,2025-07-21T21:31:58.075828
1024.7745622019843,0.9854197169350903,0.014580283064909712,231,231,1596.0,0.9064177647632992,0.07595168374816984,0.0030502684236212788,D,Top-K,2,0,2048,4.0,2025-07-21T21:31:58.185510
1354.8986462919129,0.9625427037579307,0.0374572962420693,606,606,1197.0,0.9122132747681796,0.03800634455832113,0.012323084431429966,D,Top-K,2,1,2048,4.0,2025-07-21T21:31:58.286604
1360.0357971250953,0.9621766715470962,0.03782332845290386,612,612,1140.0,0.9149585163494387,0.033247925817471935,0.013970229380185457,D,Top-K,2,2,2048,4.0,2025-07-21T21:31:58.387210
1392.9081101477518,0.9599194729136163,0.0400805270863836,649,649,1111.5,0.9104441190824792,0.03477306002928258,0.014702293801854564,D,Top-K,2,3,2048,4.0,2025-07-21T21:31:58.487073
1356.2630549738342,0.9624816983894583,0.037518301610541725,607,607,1111.5,0.9160566129819424,0.03361395802830649,0.01281112737920937,D,Top-K,2,4,2048,4.0,2025-07-21T21:31:58.587198
1379.446906098368,0.9608345534407028,0.03916544655929722,634,634,1083.0,0.9130063445583211,0.033125915080527084,0.014702293801854564,D,Top-K,2,5,2048,4.0,2025-07-21T21:31:58.687526
1376.8010228175608,0.9608345534407028,0.03916544655929722,634,634,1111.5,0.9165446559297218,0.030990727183992192,0.013299170326988775,D,Top-K,2,6,2048,4.0,2025-07-21T21:31:58.788075
1350.022160359006,0.9629087359687653,0.03709126403123475,600,600,1054.5,0.9195949243533431,0.030136652025378234,0.013177159590043924,D,Top-K,2,7,2048,4.0,2025-07-21T21:31:58.887986
1412.803937132976,0.9585773548072231,0.04142264519277696,671,671,1168.5,0.9130063445583211,0.032027818448023423,0.013543191800878478,D,Top-K,2,8,2048,4.0,2025-07-21T21:31:58.988065
1369.483795787402,0.961444607125427,0.038555392874572963,624,624,1026.0,0.9162396290873597,0.03208882381649585,0.013116154221571499,D,Top-K,2,9,2048,4.0,2025-07-21T21:31:59.088275
1135.8338615466023,0.9778550512445096,0.022144948755490484,355,355,1368.0,0.9069058077110785,0.06924109321620303,0.001708150317227916,D,Top-K,4,0,2048,4.0,2025-07-21T21:31:59.190500
1367.1852310526244,0.9616886285993167,0.03831137140068326,620,620,1083.0,0.9149585163494387,0.03397999023914104,0.012750122010736945,D,Top-K,4,1,2048,4.0,2025-07-21T21:31:59.289950
1345.9171655705386,0.9630917520741825,0.03690824792581747,597,597,1083.0,0.9203269887750122,0.03190580771107857,0.010858955588091752,D,Top-K,4,2,2048,4.0,2025-07-21T21:31:59.390203
1354.9657415807192,0.9626647144948756,0.03733528550512445,604,604,1111.5,0.9179477794045876,0.03306490971205466,0.011652025378233285,D,Top-K,4,3,2048,4.0,2025-07-21T21:31:59.490527
1378.3455547732492,0.9611395802830649,0.03886041971693509,629,629,1111.5,0.9162396290873597,0.0317227916056613,0.013177159590043924,D,Top-K,4,4,2048,4.0,2025-07-21T21:31:59.590125
1387.5118207578394,0.960285505124451,0.039714494875549046,643,643,1111.5,0.9183138116154221,0.029892630551488532,0.012079062957540264,D,Top-K,4,5,2048,4.0,2025-07-21T21:31:59.690039
1375.9161044761547,0.9612005856515373,0.038799414348462666,628,628,1140.0,0.9154465592972182,0.032027818448023423,0.013726207906295754,D,Top-K,4,6,2048,4.0,2025-07-21T21:31:59.791804
1397.6250859959453,0.9597974621766715,0.04020253782332845,651,651,1083.0,0.9136774036115178,0.03300390434358223,0.013116154221571499,D,Top-K,4,7,2048,4.0,2025-07-21T21:31:59.892190
1385.207853099327,0.9605295265983407,0.039470473401659344,639,639,1054.5,0.9173377257198634,0.030807711078574915,0.012384089799902392,D,Top-K,4,8,2048,4.0,2025-07-21T21:31:59.992270
1373.728905471242,0.9613836017569546,0.038616398243045386,625,625,1083.0,0.9156905807711079,0.03251586139580283,0.013177159590043924,D,Top-K,4,9,2048,4.0,2025-07-21T21:32:00.092178
1046.5664469947583,0.9839555880917521,0.016044411908247926,255,255,1567.5,0.906539775500244,0.07735480722303563,6.1005368472425575e-05,D,Top-K,8,0,2048,4.0,2025-07-21T21:32:00.196361
1348.3293943452502,0.9630917520741825,0.03690824792581747,597,597,1083.0,0.9157515861395803,0.03471205466081015,0.012628111273792094,D,Top-K,8,1,2048,4.0,2025-07-21T21:32:00.296682
1342.7869440673312,0.963457784285017,0.036542215714982916,591,591,1168.5,0.919289897510981,0.032332845290385555,0.011835041483650562,D,Top-K,8,2,2048,4.0,2025-07-21T21:32:00.397202
1379.1497938335704,0.9610785749145925,0.03892142508540752,630,630,1168.5,0.9170326988775013,0.030563689604685213,0.013482186432406052,D,Top-K,8,3,2048,4.0,2025-07-21T21:32:00.497253
1355.9029945616762,0.9624206930209859,0.037579306979014154,608,608,1111.5,0.9170326988775013,0.032454856027330406,0.012933138116154222,D,Top-K,8,4,2048,4.0,2025-07-21T21:32:00.598062
1366.6449813827278,0.9616886285993167,0.03831137140068326,620,620,1168.5,0.9144094680331869,0.034224011713030744,0.013055148853099073,D,Top-K,8,5,2048,4.0,2025-07-21T21:32:00.699686
1402.7314600037062,0.9592484138604197,0.040751586139580284,660,660,1140.0,0.9141044411908248,0.03184480234260615,0.013299170326988775,D,Top-K,8,6,2048,4.0,2025-07-21T21:32:00.799980
1390.7911469702685,0.9600414836505613,0.03995851634943875,647,647,1140.0,0.9141654465592972,0.03300390434358223,0.012872132747681796,D,Top-K,8,7,2048,4.0,2025-07-21T21:32:00.900281
1382.397490236067,0.9606515373352855,0.03934846266471449,637,637,1083.0,0.9161176183504148,0.03153977550024402,0.012994143484626648,D,Top-K,8,8,2048,4.0,2025-07-21T21:32:01.000371
1413.168262015456,0.9587603709126403,0.04123962908735969,668,668,1111.5,0.9148365056124939,0.03141776476329917,0.012506100536847243,D,Top-K,8,9,2048,4.0,2025-07-21T21:32:01.100907
1048.945831675015,0.98365056124939,0.016349438750610054,260,260,1596.0,0.9040385553928746,0.07741581259150805,0.0021961932650073207,D,Top-K,16,0,2048,4.0,2025-07-21T21:32:01.203403
1385.4077760446876,0.9605295265983407,0.039470473401659344,639,639,1140.0,0.9142264519277696,0.033430941922889215,0.012872132747681796,D,Top-K,16,1,2048,4.0,2025-07-21T21:32:01.303594
1380.8822596752063,0.9607735480722304,0.03922645192776964,635,635,1140.0,0.9178867740361152,0.03007564665690581,0.01281112737920937,D,Top-K,16,2,2048,4.0,2025-07-21T21:32:01.403874
1395.924369716458,0.9597364568081991,0.04026354319180088,652,652,1083.0,0.9163006344558321,0.03117374328940947,0.01226207906295754,D,Top-K,16,3,2048,4.0,2025-07-21T21:32:01.504353
1360.673191730061,0.9622376769155686,0.03776232308443143,611,611,1111.5,0.9163616398243045,0.034529038555392876,0.011346998535871157,D,Top-K,16,4,2048,4.0,2025-07-21T21:32:01.604777
1358.6512565021446,0.9625427037579307,0.0374572962420693,606,606,1083.0,0.9144704734016593,0.03477306002928258,0.013299170326988775,D,Top-K,16,5,2048,4.0,2025-07-21T21:32:01.705133
1372.983639301145,0.9613225963884822,0.038677403611517815,626,626,1140.0,0.9157515861395803,0.03257686676427526,0.012994143484626648,D,Top-K,16,6,2048,4.0,2025-07-21T21:32:01.806018
1367.747860581779,0.9617496339677891,0.03825036603221083,619,619,1140.0,0.9161786237188873,0.03257686676427526,0.012994143484626648,D,Top-K,16,7,2048,4.0,2025-07-21T21:32:01.906508
1389.9400632501254,0.9603465104929234,0.039653489507076624,642,642,1111.5,0.9155075646656906,0.03153977550024402,0.013299170326988775,D,Top-K,16,8,2048,4.0,2025-07-21T21:32:02.007086
1354.7023227959644,0.9626647144948756,0.03733528550512445,604,604,1168.5,0.920448999511957,0.030502684236212788,0.01171303074670571,D,Top-K,16,9,2048,4.0,2025-07-21T21:32:02.107558
1727.3540394782585,0.9370424597364568,0.0629575402635432,1024,1024,1026.0,0.9174597364568082,0.01958272327964861,0.0,E,Intelligent,1,0,2048,7.0,2025-07-21T21:32:02.398636
2003.6186419258254,0.9178867740361152,0.08211322596388482,1338,1338,883.5,0.9175207418252807,0.00036603221083455345,0.0,E,Intelligent,1,1,2048,7.0,2025-07-21T21:32:02.682824
2025.1817434085328,0.9163006344558321,0.08369936554416789,1364,1364,883.5,0.9159346022449976,0.00036603221083455345,0.0,E,Intelligent,1,2,2048,7.0,2025-07-21T21:32:02.974610
2044.5850858819988,0.9149585163494387,0.08504148365056124,1386,1386,883.5,0.9143484626647145,0.0006100536847242558,0.0,E,Intelligent,1,3,2048,7.0,2025-07-21T21:32:03.259022
2085.5448873465693,0.9120302586627623,0.08796974133723767,1434,1434,912.0,0.9117252318204002,0.0003050268423621279,0.0,E,Intelligent,1,4,2048,7.0,2025-07-21T21:32:03.543672
2043.346222122163,0.9153245485602733,0.0846754514397267,1380,1380,912.0,0.9149585163494387,0.00036603221083455345,0.0,E,Intelligent,1,5,2048,7.0,2025-07-21T21:32:03.828399
2066.604765124214,0.9134943875061006,0.08650561249389946,1410,1410,883.5,0.913128355295266,0.00036603221083455345,0.0,E,Intelligent,1,6,2048,7.0,2025-07-21T21:32:04.114981
2010.4852838346276,0.9173377257198634,0.08266227428013666,1347,1347,883.5,0.9170326988775013,0.0003050268423621279,0.0,E,Intelligent,1,7,2048,7.0,2025-07-21T21:32:04.402654
1962.6494671475364,0.9205710102489019,0.07942898975109809,1294,1294,883.5,0.9202659834065398,0.0003050268423621279,0.0,E,Intelligent,1,8,2048,7.0,2025-07-21T21:32:04.689203
2035.073523835795,0.9158735968765251,0.08412640312347487,1371,1371,883.5,0.9152025378233285,0.0006710590531966813,0.0,E,Intelligent,1,9,2048,7.0,2025-07-21T21:32:04.977109
1609.3231196284635,0.9449121522693997,0.05508784773060029,895,895,1140.0,0.9172157149829185,0.02769643728648121,0.0,E,Intelligent,2,0,2048,7.0,2025-07-21T21:32:05.265073
2006.1002719036899,0.9175817471937531,0.08241825280624696,1343,1343,883.5,0.9173987310883358,0.00018301610541727673,0.0,E,Intelligent,2,1,2048,7.0,2025-07-21T21:32:05.550099
1904.291115918796,0.924597364568082,0.07540263543191801,1228,1228,883.5,0.9244143484626647,0.00018301610541727673,0.0,E,Intelligent,2,2,2048,7.0,2025-07-21T21:32:05.833674
2015.8015921549609,0.9170326988775013,0.08296730112249878,1352,1352,912.0,0.9167886774036115,0.0002440214738897023,0.0,E,Intelligent,2,3,2048,7.0,2025-07-21T21:32:06.118424
2095.3076202723646,0.9116642264519278,0.08833577354807223,1440,1440,883.5,0.9112981942410933,0.00036603221083455345,0.0,E,Intelligent,2,4,2048,7.0,2025-07-21T21:32:06.404681
2033.3826582423558,0.9158125915080527,0.0841874084919473,1372,1372,883.5,0.9152635431918009,0.0005490483162518302,0.0,E,Intelligent,2,5,2048,7.0,2025-07-21T21:32:06.688501
2033.404646900243,0.9158125915080527,0.0841874084919473,1372,1372,883.5,0.9153855539287458,0.000427037579306979,0.0,E,Intelligent,2,6,2048,7.0,2025-07-21T21:32:06.972765
2042.018833042445,0.9151415324548561,0.08485846754514398,1383,1383,883.5,0.9149585163494387,0.00018301610541727673,0.0,E,Intelligent,2,7,2048,7.0,2025-07-21T21:32:07.258052
1987.0550873438149,0.9190458760370913,0.08095412396290874,1319,1319,883.5,0.9188018545632015,0.0002440214738897023,0.0,E,Intelligent,2,8,2048,7.0,2025-07-21T21:32:07.544423
1977.8071913243102,0.9195339189848707,0.08046608101512934,1311,1311,883.5,0.9189848706686189,0.0005490483162518302,0.0,E,Intelligent,2,9,2048,7.0,2025-07-21T21:32:07.830341
1593.0454054484871,0.9461932650073206,0.05380673499267936,874,874,1197.0,0.913128355295266,0.03306490971205466,0.0,E,Intelligent,4,0,2048,7.0,2025-07-21T21:32:08.116280
2033.6538398589341,0.9156905807711079,0.08430941922889214,1374,1374,883.5,0.9151415324548561,0.0005490483162518302,0.0,E,Intelligent,4,1,2048,7.0,2025-07-21T21:32:08.400401
2025.5374707703243,0.9162396290873597,0.08376037091264031,1365,1365,883.5,0.91599560761347,0.0002440214738897023,0.0,E,Intelligent,4,2,2048,7.0,2025-07-21T21:32:08.681358
2015.5459519932335,0.9170937042459737,0.08290629575402636,1351,1351,883.5,0.9166666666666666,0.000427037579306979,0.0,E,Intelligent,4,3,2048,7.0,2025-07-21T21:32:08.961804
2036.8896827158107,0.9153245485602733,0.0846754514397267,1380,1380,883.5,0.9150195217179111,0.0003050268423621279,0.0,E,Intelligent,4,4,2048,7.0,2025-07-21T21:32:09.241970
1948.703695492288,0.921730112249878,0.07826988775012202,1275,1275,912.0,0.9211200585651538,0.0006100536847242558,0.0,E,Intelligent,4,5,2048,7.0,2025-07-21T21:32:09.521506
2021.2729297922217,0.9167886774036115,0.08321132259638848,1356,1356,883.5,0.9166056612981942,0.00018301610541727673,0.0,E,Intelligent,4,6,2048,7.0,2025-07-21T21:32:09.802032
2035.1094028818773,0.9154465592972182,0.08455344070278184,1378,1378,912.0,0.9150805270863837,0.00036603221083455345,0.0,E,Intelligent,4,7,2048,7.0,2025-07-21T21:32:10.083618
2038.20303972063,0.9151415324548561,0.08485846754514398,1383,1383,883.5,0.9144704734016593,0.0006710590531966813,0.0,E,Intelligent,4,8,2048,7.0,2025-07-21T21:32:10.368338
2120.9343652910484,0.9097730600292826,0.09022693997071743,1471,1471,883.5,0.9092240117130308,0.0005490483162518302,0.0,E,Intelligent,4,9,2048,7.0,2025-07-21T21:32:10.650833
1627.1229821607863,0.9437530502684236,0.05624694973157638,914,914,1168.5,0.9188018545632015,0.02495119570522206,0.0,E,Intelligent,8,0,2048,7.0,2025-07-21T21:32:10.936478
1991.4220120880043,0.9186188384577842,0.08138116154221571,1326,1326,912.0,0.9182528062469497,0.00036603221083455345,0.0,E,Intelligent,8,1,2048,7.0,2025-07-21T21:32:11.219083
2034.957436547619,0.9159346022449976,0.08406539775500244,1370,1370,912.0,0.9154465592972182,0.0004880429477794046,0.0,E,Intelligent,8,2,2048,7.0,2025-07-21T21:32:11.502850
1985.272882183991,0.9193509028794534,0.0806490971205466,1314,1314,883.5,0.9189848706686189,0.00036603221083455345,0.0,E,Intelligent,8,3,2048,7.0,2025-07-21T21:32:11.784132
2098.1471678901094,0.9114202049780381,0.08857979502196194,1444,1444,912.0,0.9106271351878965,0.0007930697901415325,0.0,E,Intelligent,8,4,2048,7.0,2025-07-21T21:32:12.065963
2007.4537750968254,0.9173987310883358,0.08260126891166422,1346,1346,883.5,0.9169106881405563,0.0004880429477794046,0.0,E,Intelligent,8,5,2048,7.0,2025-07-21T21:32:12.349536
1927.0753175330603,0.9228282088823816,0.07717179111761835,1257,1257,883.5,0.9224011713030746,0.000427037579306979,0.0,E,Intelligent,8,6,2048,7.0,2025-07-21T21:32:12.631528
2005.1072589825558,0.9177037579306979,0.0822962420693021,1341,1341,883.5,0.9171547096144461,0.0005490483162518302,0.0,E,Intelligent,8,7,2048,7.0,2025-07-21T21:32:12.914630
1986.949692172986,0.9188628599316739,0.08113714006832601,1322,1322,883.5,0.9183138116154221,0.0005490483162518302,0.0,E,Intelligent,8,8,2048,7.0,2025-07-21T21:32:13.198903
1979.0169222854993,0.9196559297218155,0.08034407027818448,1309,1309,883.5,0.9190458760370913,0.0006100536847242558,0.0,E,Intelligent,8,9,2048,7.0,2025-07-21T21:32:13.483757
1620.3338160590472,0.9444851146900928,0.05551488530990727,902,902,1140.0,0.9147755002440214,0.029709614446071255,0.0,E,Intelligent,16,0,2048,7.0,2025-07-21T21:32:13.769124
2041.7722012527283,0.9152025378233285,0.08479746217667154,1382,1382,883.5,0.9145924841386042,0.0006100536847242558,0.0,E,Intelligent,16,1,2048,7.0,2025-07-21T21:32:14.051351
2070.9780391640243,0.9131893606637385,0.0868106393362616,1415,1415,883.5,0.9128843338213762,0.0003050268423621279,0.0,E,Intelligent,16,2,2048,7.0,2025-07-21T21:32:14.337471
1997.761224535035,0.9182528062469497,0.08174719375305027,1332,1332,883.5,0.91800878477306,0.0002440214738897023,0.0,E,Intelligent,16,3,2048,7.0,2025-07-21T21:32:14.640174
2042.0392959112382,0.9152635431918009,0.08473645680819912,1381,1381,883.5,0.9150195217179111,0.0002440214738897023,0.0,E,Intelligent,16,4,2048,7.0,2025-07-21T21:32:14.922976
2005.9167244974178,0.9176427525622255,0.08235724743777452,1342,1342,883.5,0.917276720351391,0.00036603221083455345,0.0,E,Intelligent,16,5,2048,7.0,2025-07-21T21:32:15.204704
2014.9366140215773,0.917276720351391,0.08272327964860908,1348,1348,883.5,0.9171547096144461,0.00012201073694485115,0.0,E,Intelligent,16,6,2048,7.0,2025-07-21T21:32:15.486160
2028.270908554186,0.9163006344558321,0.08369936554416789,1364,1364,883.5,0.9157515861395803,0.0005490483162518302,0.0,E,Intelligent,16,7,2048,7.0,2025-07-21T21:32:15.779046
2032.2634476539406,0.9158125915080527,0.0841874084919473,1372,1372,883.5,0.9153245485602733,0.0004880429477794046,0.0,E,Intelligent,16,8,2048,7.0,2025-07-21T21:32:16.063800
2060.477309878942,0.9142264519277696,0.08577354807223035,1398,1398,883.5,0.9136774036115178,0.0005490483162518302,0.0,E,Intelligent,16,9,2048,7.0,2025-07-21T21:32:16.351959
